machine_type,machine_id,filename,true_label,health_score,health_state,norm_euclidean,norm_euclidean_recomputed,dsp_group_MFCC,dsp_group_MFCC_delta,dsp_group_MFCC_delta2,dsp_group_Spectral,dsp_group_Temporal,dsp_group_Harmonic,top_embedding_dims,top_embedding_abs_z
pump,id_00,00000764.wav,normal,95.5968,EXCELLENT,12.9615,9.7701,0.530591,0.645993,0.629134,0.928167,0.647333,0.668,"[151, 27, 234, 187, 173, 139, 148, 142, 60, 128, 249, 232, 114, 160, 134, 65, 2, 130, 168, 159]","[1.4181, 1.3862, 1.3677, 1.3566, 1.3146, 1.3122, 1.3118, 1.3081, 1.265, 1.2539, 1.2519, 1.2509, 1.2413, 1.2327, 1.2295, 1.2245, 1.2188, 1.2111, 1.1146, 1.1108]"
pump,id_00,00000269.wav,normal,99.1265,EXCELLENT,7.1841,10.4397,0.525463,0.609763,0.630403,0.778242,0.500189,0.806081,"[61, 26, 95, 143, 98, 86, 170, 239, 49, 23, 106, 120, 50, 42, 132, 136, 117, 13, 116, 19]","[1.1445, 1.1251, 1.1197, 1.1122, 1.1056, 1.1003, 1.0851, 1.0721, 1.0701, 1.0671, 1.0669, 1.0662, 1.0594, 1.0501, 1.0465, 1.0455, 1.0449, 1.0343, 1.0316, 1.0171]"
pump,id_00,00000551.wav,normal,2.9651,CRITICAL,43.888,22.1006,0.907495,0.961656,0.712525,0.697666,0.965116,0.606478,"[217, 36, 208, 85, 177, 55, 41, 9, 153, 190, 0, 178, 212, 83, 29, 206, 38, 156, 71, 165]","[2.5962, 2.4755, 2.4629, 2.3945, 2.3773, 2.3458, 2.3301, 2.2826, 2.2732, 2.2642, 2.2385, 2.2259, 2.2086, 2.2012, 2.1985, 2.1951, 2.1912, 2.1659, 2.1511, 2.1433]"
pump,id_00,00000980.wav,normal,99.489,EXCELLENT,5.5338,11.0532,0.689584,0.455561,0.636982,0.441265,0.442208,0.352593,"[17, 46, 172, 192, 89, 141, 133, 251, 226, 228, 18, 11, 215, 163, 65, 179, 200, 232, 1, 123]","[1.4739, 1.4386, 1.3658, 1.3325, 1.303, 1.3012, 1.2902, 1.2753, 1.2742, 1.2681, 1.2307, 1.1995, 1.1969, 1.1832, 1.167, 1.1581, 1.1472, 1.1466, 1.1396, 1.1394]"
pump,id_00,00000762.wav,normal,97.9611,EXCELLENT,10.0332,10.334,0.618986,0.625322,0.60659,0.87289,0.665885,0.428899,"[112, 160, 234, 118, 146, 172, 142, 12, 28, 186, 181, 187, 119, 134, 222, 60, 224, 18, 247, 130]","[1.5406, 1.4399, 1.3802, 1.36, 1.3433, 1.3247, 1.3172, 1.2841, 1.2566, 1.2521, 1.2355, 1.2095, 1.1996, 1.1983, 1.1967, 1.1787, 1.1669, 1.1571, 1.1569, 1.1334]"
pump,id_00,00000252.wav,normal,95.6726,EXCELLENT,12.8909,15.6365,0.706636,0.715024,0.704936,0.496106,0.731705,0.257753,"[249, 142, 138, 82, 232, 114, 235, 128, 228, 14, 2, 133, 139, 151, 60, 51, 5, 248, 35, 227]","[2.2077, 2.0876, 2.0837, 1.9935, 1.9715, 1.9502, 1.9424, 1.9327, 1.8993, 1.8766, 1.8635, 1.8591, 1.8522, 1.8088, 1.8038, 1.8003, 1.7795, 1.7737, 1.7558, 1.7532]"
pump,id_00,00000998.wav,normal,99.7234,EXCELLENT,3.76,10.1234,0.779837,0.75501,0.674758,0.661163,0.556958,0.537412,"[96, 253, 145, 163, 245, 144, 198, 185, 121, 89, 1, 18, 7, 107, 137, 200, 115, 190, 92, 83]","[1.3886, 1.3614, 1.3265, 1.2851, 1.2684, 1.2678, 1.243, 1.2209, 1.2201, 1.1932, 1.1916, 1.1556, 1.1522, 1.139, 1.1364, 1.1332, 1.1181, 1.1153, 1.1085, 1.0965]"
pump,id_00,00000271.wav,normal,5.8529,CRITICAL,41.1438,53.6831,1.128427,0.95228,0.983174,1.610106,0.688907,1.01244,"[7, 46, 213, 163, 183, 215, 190, 203, 144, 57, 200, 92, 242, 103, 89, 96, 209, 185, 133, 204]","[7.9198, 7.4025, 7.2994, 7.1991, 7.0348, 6.9557, 6.486, 6.399, 6.3906, 6.3221, 6.1402, 6.0929, 5.868, 5.8611, 5.8424, 5.7895, 5.7685, 5.7431, 5.6995, 5.696]"
pump,id_00,00000146.wav,normal,0.0138,CRITICAL,58.9707,24.8084,1.236204,0.773604,0.980062,1.54373,1.992775,1.604727,"[227, 69, 14, 33, 117, 123, 149, 229, 235, 148, 84, 176, 202, 27, 5, 34, 35, 138, 199, 110]","[2.9339, 2.9015, 2.8595, 2.7854, 2.773, 2.743, 2.7361, 2.7336, 2.716, 2.6859, 2.6855, 2.6788, 2.6444, 2.6153, 2.6128, 2.5756, 2.5725, 2.4916, 2.4876, 2.448]"
pump,id_00,00000469.wav,normal,99.2562,EXCELLENT,6.6783,9.2843,0.752984,0.567201,0.569881,0.538944,0.855177,0.631017,"[25, 220, 228, 59, 15, 133, 30, 154, 249, 223, 151, 107, 248, 202, 240, 75, 17, 60, 192, 250]","[1.4338, 1.4131, 1.2818, 1.279, 1.212, 1.1932, 1.1546, 1.1397, 1.1138, 1.0806, 1.0768, 1.073, 1.0386, 1.0338, 1.0327, 1.0309, 1.025, 1.0242, 1.0209, 1.014]"
pump,id_00,00000658.wav,normal,98.654,EXCELLENT,8.596,14.6387,0.870821,0.935926,1.10976,0.855078,0.583388,0.158967,"[42, 136, 207, 13, 22, 49, 243, 106, 50, 66, 167, 98, 8, 255, 146, 239, 19, 119, 57, 241]","[1.7299, 1.6788, 1.6757, 1.6736, 1.6443, 1.6136, 1.5782, 1.5746, 1.5217, 1.5206, 1.5188, 1.5083, 1.4929, 1.4847, 1.4724, 1.4707, 1.4686, 1.4578, 1.4577, 1.4554]"
pump,id_00,00000405.wav,normal,98.785,EXCELLENT,8.2543,9.5537,0.674919,0.581948,0.583269,0.505075,1.11793,1.313698,"[15, 224, 105, 174, 220, 216, 26, 183, 140, 193, 246, 185, 242, 241, 68, 109, 171, 82, 62, 223]","[1.5875, 1.5824, 1.5736, 1.3672, 1.3535, 1.2879, 1.2517, 1.2399, 1.223, 1.1952, 1.1586, 1.1578, 1.1454, 1.104, 1.0828, 1.0803, 1.0634, 1.0562, 1.0146, 1.0041]"
pump,id_00,00000511.wav,normal,78.3646,GOOD,20.8931,36.5591,1.056916,0.697032,0.932376,2.214476,1.364045,0.618396,"[213, 46, 215, 156, 34, 201, 123, 144, 165, 96, 92, 105, 203, 118, 184, 133, 31, 212, 89, 171]","[5.8362, 5.5714, 4.9701, 4.7269, 4.3093, 4.256, 4.228, 4.1816, 4.1091, 4.0427, 4.0052, 3.9609, 3.9565, 3.9465, 3.9439, 3.9109, 3.886, 3.8046, 3.7609, 3.7365]"
pump,id_00,00000671.wav,normal,95.0068,EXCELLENT,13.4797,7.8158,0.801757,0.487924,0.559967,0.454006,1.56518,1.872428,"[134, 224, 119, 171, 15, 181, 194, 247, 71, 28, 222, 234, 146, 240, 112, 130, 118, 160, 187, 73]","[1.1203, 1.0923, 1.0796, 1.0603, 1.0104, 0.9955, 0.994, 0.9693, 0.9685, 0.9444, 0.9309, 0.9195, 0.9118, 0.9057, 0.9009, 0.8996, 0.8967, 0.894, 0.8936, 0.8882]"
pump,id_00,00000217.wav,normal,86.8697,GOOD,18.0026,18.2575,0.878464,0.713214,0.787576,0.857498,0.822073,1.161598,"[195, 116, 216, 246, 229, 227, 109, 218, 40, 82, 47, 53, 140, 33, 69, 199, 138, 62, 248, 84]","[2.4842, 2.4284, 2.3721, 2.3284, 2.3125, 2.2968, 2.2809, 2.2669, 2.2589, 2.24, 2.2365, 2.2158, 2.1824, 2.1793, 2.129, 2.1077, 2.1042, 2.1002, 2.0796, 2.0353]"
pump,id_00,00000000.wav,abnormal,70.1107,WARNING,23.1058,17.0231,0.721346,1.150652,1.028463,0.564119,1.052414,1.741196,"[130, 63, 247, 181, 188, 175, 159, 21, 134, 71, 128, 146, 186, 2, 119, 222, 194, 12, 160, 139]","[2.3241, 2.2496, 2.2242, 2.169, 2.1649, 2.1376, 2.1204, 2.1014, 2.0618, 2.0573, 2.0123, 1.9853, 1.9763, 1.9405, 1.9391, 1.9296, 1.9292, 1.9182, 1.9128, 1.8713]"
pump,id_00,00000001.wav,abnormal,11.7069,CRITICAL,37.8934,29.4498,1.166937,0.917148,0.702036,0.416959,1.060126,1.98365,"[216, 62, 109, 195, 82, 116, 193, 140, 241, 174, 69, 129, 229, 183, 224, 246, 199, 233, 48, 42]","[4.3341, 4.2286, 4.2204, 3.78, 3.747, 3.6797, 3.6471, 3.4968, 3.4445, 3.3971, 3.3874, 3.353, 3.3395, 3.2942, 3.2928, 3.2862, 3.2328, 3.2264, 3.1922, 3.1881]"
pump,id_00,00000002.wav,abnormal,56.4603,WARNING,26.2482,16.4822,0.804667,1.192924,1.159016,0.57117,0.753807,1.440639,"[247, 21, 71, 119, 188, 146, 181, 175, 222, 186, 167, 12, 130, 85, 43, 79, 134, 63, 160, 164]","[2.1755, 2.1118, 2.1083, 2.1015, 2.0812, 2.026, 2.0194, 1.9561, 1.9528, 1.9287, 1.8856, 1.8848, 1.858, 1.8449, 1.7991, 1.7737, 1.7711, 1.7505, 1.7469, 1.7316]"
pump,id_00,00000003.wav,abnormal,23.9537,CRITICAL,33.7433,45.5166,0.765534,0.703864,0.674239,0.466426,1.051762,1.403352,"[109, 62, 183, 216, 174, 242, 69, 82, 57, 42, 185, 103, 241, 105, 195, 193, 141, 224, 7, 104]","[7.1838, 6.5254, 6.5075, 6.2737, 6.0255, 6.0167, 5.98, 5.8382, 5.7772, 5.7191, 5.7091, 5.7074, 5.5819, 5.2864, 5.2745, 5.2518, 5.089, 5.0255, 5.0159, 5.0061]"
pump,id_00,00000004.wav,abnormal,97.3936,EXCELLENT,10.9261,13.3214,0.752716,0.705998,0.769949,0.526242,0.971628,1.89869,"[167, 12, 224, 119, 222, 193, 146, 22, 129, 15, 118, 185, 160, 48, 140, 71, 21, 53, 234, 247]","[1.9008, 1.88, 1.8272, 1.8056, 1.7054, 1.7007, 1.6877, 1.6699, 1.5827, 1.5215, 1.491, 1.4841, 1.4692, 1.4629, 1.4257, 1.3763, 1.3756, 1.3635, 1.3629, 1.3383]"
pump,id_00,00000005.wav,abnormal,33.0671,CRITICAL,31.4207,44.9885,0.783134,0.860897,0.639514,0.687827,1.021843,1.499213,"[109, 183, 216, 174, 62, 224, 242, 105, 103, 193, 82, 185, 69, 241, 195, 171, 47, 42, 102, 81]","[6.7527, 6.6217, 6.3424, 6.1387, 6.1101, 6.0072, 5.8591, 5.8562, 5.7353, 5.6429, 5.6416, 5.6398, 5.5361, 5.3858, 5.2225, 5.1838, 5.0857, 5.0828, 5.008, 5.0003]"
pump,id_00,00000006.wav,abnormal,99.0808,EXCELLENT,7.3464,19.1308,1.096383,0.871645,0.71414,0.444726,0.918852,1.668511,"[53, 140, 220, 97, 58, 129, 75, 216, 224, 193, 195, 171, 248, 40, 80, 167, 152, 227, 101, 108]","[2.9424, 2.689, 2.6882, 2.616, 2.585, 2.5036, 2.4245, 2.4166, 2.4029, 2.339, 2.3376, 2.3327, 2.3081, 2.2863, 2.209, 2.2034, 2.181, 2.1605, 2.0896, 2.0785]"
pump,id_00,00000007.wav,abnormal,43.8603,CRITICAL,28.9792,35.3306,0.8542,0.761562,0.665473,0.575285,1.269519,1.956942,"[216, 109, 62, 183, 193, 224, 195, 174, 241, 242, 171, 69, 185, 82, 140, 42, 47, 105, 246, 81]","[5.164, 5.1149, 4.8094, 4.6094, 4.5401, 4.5393, 4.4857, 4.4809, 4.2977, 4.2756, 4.2362, 4.226, 4.2182, 4.1851, 4.1069, 3.9578, 3.9012, 3.8869, 3.8463, 3.7855]"
pump,id_00,00000008.wav,abnormal,95.4303,EXCELLENT,13.1131,15.8799,0.993268,1.13059,0.91298,0.560645,0.921845,1.557979,"[209, 202, 235, 248, 107, 177, 189, 5, 192, 84, 82, 123, 133, 17, 228, 9, 14, 138, 227, 229]","[1.9805, 1.9345, 1.9078, 1.9007, 1.8643, 1.8182, 1.8099, 1.7938, 1.7742, 1.7622, 1.7612, 1.7357, 1.7329, 1.7222, 1.7211, 1.6814, 1.6797, 1.6655, 1.6324, 1.6122]"
pump,id_00,00000009.wav,abnormal,47.7069,CRITICAL,28.1439,38.5668,0.776169,0.589092,0.760902,0.432837,1.244232,1.446032,"[109, 62, 82, 69, 216, 103, 174, 183, 68, 57, 241, 42, 242, 105, 7, 84, 185, 195, 246, 138]","[5.8748, 5.5508, 5.5324, 5.1718, 5.0854, 5.047, 4.9525, 4.8337, 4.8064, 4.7606, 4.698, 4.6658, 4.6099, 4.3961, 4.3603, 4.3202, 4.3129, 4.2843, 4.1582, 4.1491]"
pump,id_00,00000010.wav,abnormal,96.8889,EXCELLENT,11.5923,19.8566,1.044426,0.824335,0.974639,0.625779,0.972395,1.920823,"[248, 53, 107, 202, 209, 152, 121, 75, 177, 216, 140, 37, 30, 129, 101, 97, 133, 163, 58, 123]","[2.7371, 2.6488, 2.6233, 2.618, 2.5905, 2.5703, 2.5337, 2.5297, 2.5218, 2.4568, 2.4201, 2.3343, 2.3342, 2.3313, 2.3091, 2.2922, 2.2344, 2.2178, 2.2083, 2.19]"
pump,id_00,00000011.wav,abnormal,86.6687,GOOD,18.0834,28.6352,1.202205,1.078577,0.658145,0.624489,0.812359,1.378191,"[82, 116, 216, 109, 62, 140, 5, 229, 69, 84, 138, 103, 68, 239, 14, 199, 13, 61, 202, 152]","[4.2701, 4.108, 4.101, 3.8232, 3.7529, 3.6209, 3.4533, 3.2776, 3.2516, 3.232, 3.2204, 3.1233, 3.1033, 3.0724, 3.0537, 3.0374, 3.0343, 3.0051, 2.9868, 2.9658]"
pump,id_00,00000012.wav,abnormal,99.1876,EXCELLENT,6.9548,17.1397,1.342504,1.234061,0.794941,0.729666,1.107376,1.815079,"[22, 42, 216, 62, 241, 109, 57, 116, 242, 13, 239, 185, 136, 199, 224, 174, 167, 48, 229, 193]","[2.1044, 2.0762, 2.0649, 2.0497, 2.0422, 2.018, 1.9551, 1.9481, 1.9211, 1.9015, 1.9013, 1.8869, 1.8377, 1.8367, 1.835, 1.835, 1.8291, 1.8251, 1.7897, 1.7886]"
pump,id_00,00000013.wav,abnormal,82.4131,GOOD,19.6303,18.2649,0.837588,0.782446,0.637461,0.503454,0.805868,1.667993,"[53, 140, 129, 193, 224, 97, 216, 195, 220, 58, 75, 167, 248, 116, 48, 202, 227, 152, 246, 80]","[2.6777, 2.5931, 2.487, 2.4643, 2.362, 2.3583, 2.3152, 2.2766, 2.2732, 2.2665, 2.2072, 2.2039, 2.1635, 2.1079, 2.0906, 2.085, 2.0828, 2.01, 1.9865, 1.9738]"
pump,id_00,00000014.wav,abnormal,99.5545,EXCELLENT,5.1276,9.3563,0.671734,0.501114,0.728357,0.423935,0.818804,1.264442,"[167, 213, 224, 220, 53, 129, 193, 140, 119, 12, 15, 101, 22, 48, 26, 240, 202, 43, 211, 222]","[1.4302, 1.3514, 1.3352, 1.3267, 1.3193, 1.3121, 1.29, 1.1697, 1.1418, 1.1417, 1.1405, 1.1317, 1.1014, 1.0902, 1.0563, 1.0222, 1.0127, 1.0057, 1.0003, 0.9922]"
pump,id_02,00000095.wav,normal,98.7886,EXCELLENT,9.9132,11.6926,1.573357,1.013606,1.010687,0.691543,0.951115,0.802348,"[207, 20, 100, 60, 160, 65, 172, 42, 17, 18, 57, 250, 112, 13, 249, 89, 78, 232, 162, 151]","[1.6371, 1.5127, 1.4539, 1.4288, 1.3805, 1.3335, 1.3253, 1.318, 1.2983, 1.2854, 1.279, 1.2737, 1.2631, 1.2629, 1.2544, 1.2367, 1.2242, 1.2237, 1.2215, 1.2074]"
pump,id_02,00000417.wav,normal,82.8667,GOOD,19.2981,41.732,0.811634,0.634833,0.728908,1.28992,0.53618,0.827116,"[161, 68, 178, 114, 27, 138, 33, 45, 84, 51, 74, 52, 218, 139, 102, 246, 191, 63, 2, 174]","[5.9982, 5.9771, 5.6734, 5.4808, 5.4333, 5.2614, 5.2513, 5.1713, 5.1514, 5.0618, 5.0457, 4.9765, 4.8832, 4.8256, 4.787, 4.7695, 4.758, 4.7179, 4.6691, 4.6351]"
pump,id_02,00000565.wav,normal,16.6731,CRITICAL,33.082,26.4906,1.116176,1.117653,0.91589,1.421332,0.756736,0.943182,"[128, 60, 175, 130, 114, 249, 139, 234, 160, 151, 142, 222, 100, 232, 173, 2, 186, 178, 51, 207]","[4.2413, 4.0821, 4.0788, 3.8998, 3.8848, 3.8576, 3.7192, 3.7192, 3.6229, 3.5516, 3.5293, 3.5125, 3.4471, 3.4129, 3.2771, 3.2499, 3.2181, 3.1745, 3.1238, 3.0814]"
pump,id_02,00000014.wav,normal,93.046,EXCELLENT,15.4831,19.7603,0.928139,0.92625,0.865706,0.947058,0.788946,0.756478,"[157, 183, 190, 15, 24, 56, 118, 168, 28, 215, 76, 131, 34, 226, 110, 67, 189, 184, 36, 31]","[2.3931, 2.3283, 2.2711, 2.2411, 2.2327, 2.1587, 2.0903, 2.0647, 2.061, 2.0271, 2.019, 2.0012, 1.9992, 1.9663, 1.96, 1.9582, 1.9561, 1.9541, 1.9417, 1.9317]"
pump,id_02,00000564.wav,normal,99.5919,EXCELLENT,7.0946,12.2331,0.781135,0.655427,0.809693,0.594608,0.917541,1.032202,"[129, 48, 22, 199, 84, 195, 229, 26, 233, 167, 52, 239, 136, 241, 33, 95, 208, 27, 9, 177]","[1.736, 1.611, 1.4098, 1.3868, 1.3751, 1.3744, 1.3715, 1.3703, 1.3577, 1.3564, 1.3521, 1.3451, 1.3212, 1.3143, 1.3005, 1.3, 1.2845, 1.2757, 1.2729, 1.2666]"
pump,id_02,00000318.wav,normal,99.6838,EXCELLENT,6.4818,13.6371,0.765715,0.481281,0.663152,0.491311,0.90519,0.516041,"[148, 173, 2, 234, 27, 175, 51, 139, 134, 114, 168, 194, 187, 28, 128, 56, 142, 130, 160, 161]","[2.0565, 2.0235, 1.9552, 1.9115, 1.8873, 1.871, 1.8672, 1.8638, 1.8596, 1.8333, 1.8029, 1.7476, 1.7272, 1.679, 1.6545, 1.6345, 1.6165, 1.5937, 1.5836, 1.5402]"
pump,id_02,00000162.wav,normal,99.3162,EXCELLENT,8.3868,6.3297,0.517088,0.658856,0.594887,0.295977,0.424541,0.712143,"[82, 205, 201, 244, 165, 149, 171, 103, 153, 152, 225, 212, 238, 56, 187, 221, 58, 39, 29, 216]","[0.9797, 0.8153, 0.7856, 0.7774, 0.7478, 0.7408, 0.7315, 0.7289, 0.7261, 0.7098, 0.708, 0.7023, 0.6972, 0.6888, 0.6726, 0.6711, 0.6635, 0.6581, 0.6496, 0.6402]"
pump,id_02,00000726.wav,normal,98.0121,EXCELLENT,11.3321,11.9147,0.703104,0.682066,0.723822,0.451925,0.7382,0.352228,"[194, 134, 2, 139, 175, 15, 148, 142, 248, 28, 7, 187, 227, 168, 209, 27, 234, 133, 56, 40]","[1.8939, 1.8752, 1.695, 1.6514, 1.4965, 1.4782, 1.4654, 1.4124, 1.3964, 1.3875, 1.3763, 1.3691, 1.3465, 1.3365, 1.3322, 1.3089, 1.3033, 1.2876, 1.2674, 1.2345]"
pump,id_02,00000245.wav,normal,18.426,CRITICAL,32.5934,30.8384,0.618305,0.766575,0.931688,0.714891,1.036188,2.46108,"[84, 229, 199, 68, 33, 195, 239, 52, 5, 45, 241, 246, 74, 61, 129, 138, 191, 227, 2, 48]","[4.555, 3.978, 3.9624, 3.8561, 3.7851, 3.7023, 3.6814, 3.6173, 3.5988, 3.5942, 3.5459, 3.5417, 3.5005, 3.3915, 3.3859, 3.3536, 3.3259, 3.3174, 3.3114, 3.2651]"
pump,id_02,00000818.wav,normal,89.1618,GOOD,17.2387,23.4867,1.299238,0.808627,0.62916,1.592216,1.118331,1.277013,"[240, 150, 162, 70, 25, 30, 220, 75, 97, 231, 126, 121, 115, 245, 58, 152, 135, 154, 37, 64]","[3.5214, 3.4128, 3.3925, 3.3281, 3.2935, 3.1747, 3.0967, 3.0634, 2.9971, 2.9693, 2.95, 2.8854, 2.8592, 2.8508, 2.7611, 2.7359, 2.7325, 2.7107, 2.7002, 2.6778]"
pump,id_02,00000623.wav,normal,3.2275,CRITICAL,39.4211,30.5934,0.94614,0.858474,0.72531,1.969488,1.145443,0.820987,"[254, 65, 20, 151, 232, 72, 180, 179, 160, 237, 99, 59, 78, 113, 223, 195, 60, 192, 222, 172]","[4.8069, 4.6276, 4.4043, 4.1462, 3.7948, 3.623, 3.6177, 3.6113, 3.4513, 3.4483, 3.355, 3.3404, 3.3011, 3.2856, 3.2172, 3.2124, 3.1961, 3.1721, 3.1397, 3.1129]"
pump,id_02,00000645.wav,normal,98.0243,EXCELLENT,11.3138,11.775,0.54558,0.519258,0.698554,0.280716,0.685287,0.852566,"[28, 130, 15, 118, 128, 232, 18, 234, 247, 145, 142, 160, 42, 185, 222, 1, 146, 181, 186, 112]","[1.5643, 1.5012, 1.4977, 1.4922, 1.4624, 1.4399, 1.4271, 1.4016, 1.3989, 1.3986, 1.3659, 1.3556, 1.3373, 1.3294, 1.3228, 1.3193, 1.3126, 1.3109, 1.3053, 1.3013]"
pump,id_02,00000029.wav,normal,93.0874,EXCELLENT,15.4607,15.9816,1.223995,1.501709,1.460708,0.68148,0.723056,0.278517,"[42, 118, 234, 1, 172, 185, 222, 141, 18, 160, 207, 89, 242, 128, 228, 232, 104, 142, 57, 28]","[2.016, 2.001, 1.9912, 1.9854, 1.9636, 1.9627, 1.9458, 1.9435, 1.8831, 1.8685, 1.862, 1.8344, 1.8279, 1.7673, 1.7555, 1.7518, 1.7421, 1.7312, 1.7298, 1.7231]"
pump,id_02,00000124.wav,normal,99.5851,EXCELLENT,7.135,15.569,0.366921,0.48407,0.549162,0.634154,0.647826,1.010598,"[99, 120, 250, 127, 207, 154, 89, 162, 18, 25, 94, 104, 92, 132, 115, 20, 57, 144, 78, 169]","[1.9823, 1.9118, 1.8712, 1.7704, 1.7207, 1.6955, 1.6913, 1.6623, 1.6458, 1.63, 1.6218, 1.6187, 1.6074, 1.6054, 1.599, 1.5931, 1.5917, 1.5875, 1.5742, 1.5665]"
pump,id_02,00000496.wav,normal,40.7809,CRITICAL,27.8018,19.4436,0.93008,0.756117,0.504655,0.675687,2.005457,0.440708,"[161, 147, 218, 181, 206, 77, 111, 166, 247, 40, 108, 21, 10, 38, 63, 178, 236, 175, 210, 139]","[2.7956, 2.7591, 2.6025, 2.5246, 2.4584, 2.4486, 2.4473, 2.3545, 2.3414, 2.3279, 2.3098, 2.2939, 2.2884, 2.2727, 2.2708, 2.2601, 2.2588, 2.2485, 2.2311, 2.1706]"
pump,id_02,00000000.wav,abnormal,66.8015,WARNING,22.9991,18.159,0.952199,0.96894,1.114257,0.731023,0.426355,0.641653,"[188, 63, 111, 29, 203, 93, 55, 208, 41, 217, 178, 83, 38, 85, 129, 36, 206, 215, 197, 43]","[2.3783, 2.2958, 2.231, 2.2139, 2.1163, 2.0494, 2.0422, 2.0402, 2.0297, 2.0184, 1.968, 1.9672, 1.9178, 1.9077, 1.8964, 1.8961, 1.8822, 1.8756, 1.8356, 1.7926]"
pump,id_02,00000001.wav,abnormal,83.5529,GOOD,19.1014,16.6687,0.924774,0.687081,0.841819,0.513992,1.018427,0.834625,"[39, 86, 44, 23, 27, 143, 52, 61, 74, 95, 99, 73, 122, 132, 244, 153, 196, 19, 120, 4]","[1.9432, 1.8792, 1.8759, 1.8759, 1.8281, 1.8183, 1.8156, 1.7853, 1.777, 1.7756, 1.7733, 1.7636, 1.7245, 1.7157, 1.711, 1.6944, 1.6913, 1.6796, 1.6792, 1.6781]"
pump,id_02,00000002.wav,abnormal,77.034,GOOD,20.8012,22.0516,0.83984,0.90962,1.029179,0.539811,0.547127,0.640209,"[63, 188, 203, 206, 83, 111, 200, 127, 178, 190, 236, 204, 41, 43, 85, 29, 215, 217, 77, 147]","[2.8482, 2.6294, 2.6065, 2.5783, 2.5701, 2.5641, 2.4792, 2.4622, 2.3654, 2.3432, 2.3355, 2.3333, 2.3278, 2.314, 2.3062, 2.2821, 2.2774, 2.2326, 2.2068, 2.2007]"
pump,id_02,00000003.wav,abnormal,97.801,EXCELLENT,11.634,11.0359,1.12492,1.007577,0.99387,0.613569,0.890211,1.090441,"[233, 62, 42, 193, 129, 1, 185, 89, 104, 222, 241, 57, 118, 172, 18, 106, 22, 136, 141, 94]","[1.6915, 1.565, 1.5131, 1.4496, 1.4192, 1.3937, 1.384, 1.3548, 1.3218, 1.293, 1.2457, 1.2421, 1.2283, 1.2237, 1.212, 1.1976, 1.1895, 1.1799, 1.1712, 1.1641]"
pump,id_02,00000004.wav,abnormal,67.1747,WARNING,22.925,21.5655,0.867137,0.922341,1.064646,0.558697,0.586631,0.641674,"[63, 188, 43, 83, 85, 211, 41, 35, 71, 217, 127, 7, 101, 200, 203, 159, 79, 190, 158, 204]","[2.9235, 2.7565, 2.6812, 2.6335, 2.5969, 2.5533, 2.404, 2.3847, 2.346, 2.342, 2.3323, 2.3254, 2.3236, 2.2891, 2.2867, 2.2801, 2.2755, 2.2732, 2.2656, 2.2633]"
pump,id_02,00000005.wav,abnormal,70.5386,WARNING,22.24,19.3226,0.584287,0.707156,0.766662,0.691294,0.547464,0.446766,"[188, 178, 63, 83, 85, 71, 206, 43, 10, 111, 147, 41, 29, 137, 38, 217, 55, 161, 130, 236]","[2.5682, 2.5399, 2.5394, 2.4088, 2.3979, 2.2683, 2.2489, 2.186, 2.1618, 2.1405, 2.1211, 2.1055, 2.0963, 2.0789, 2.0744, 2.066, 2.0046, 1.9894, 1.954, 1.9451]"
pump,id_02,00000006.wav,abnormal,30.1138,CRITICAL,29.8733,38.5757,0.684468,0.887136,0.887631,0.945944,1.31001,1.182422,"[218, 84, 102, 62, 195, 81, 47, 68, 77, 161, 206, 40, 82, 109, 108, 54, 241, 174, 31, 111]","[5.3304, 5.0591, 5.0065, 4.9146, 4.8847, 4.8771, 4.8497, 4.6781, 4.5795, 4.528, 4.494, 4.4457, 4.4131, 4.3869, 4.3824, 4.3028, 4.2948, 4.2821, 4.2774, 4.2698]"
pump,id_02,00000007.wav,abnormal,39.8943,CRITICAL,27.9666,14.9461,1.159053,1.056902,0.980476,0.669549,1.284318,0.680811,"[188, 129, 208, 217, 55, 167, 36, 85, 41, 29, 48, 197, 243, 0, 93, 9, 136, 158, 125, 83]","[1.8692, 1.8675, 1.804, 1.7525, 1.7482, 1.7066, 1.7031, 1.6964, 1.6901, 1.6706, 1.6663, 1.649, 1.5752, 1.5588, 1.5398, 1.5102, 1.4987, 1.4924, 1.4903, 1.4864]"
pump,id_02,00000008.wav,abnormal,54.9593,WARNING,25.2278,23.4113,1.423583,1.117385,0.975312,1.06377,1.584254,1.143537,"[219, 69, 164, 187, 213, 93, 142, 173, 65, 8, 34, 109, 228, 168, 211, 148, 166, 98, 54, 44]","[3.6423, 3.5209, 3.2056, 2.9199, 2.917, 2.711, 2.7033, 2.6641, 2.6434, 2.612, 2.6043, 2.5624, 2.4333, 2.433, 2.4049, 2.3781, 2.3729, 2.3659, 2.3636, 2.3245]"
pump,id_02,00000009.wav,abnormal,75.127,GOOD,21.2434,46.2708,0.993038,0.950352,0.776418,0.783871,0.677128,0.21488,"[69, 109, 183, 82, 62, 42, 207, 174, 187, 57, 216, 141, 242, 7, 185, 184, 142, 28, 103, 118]","[7.8599, 6.4457, 6.3341, 5.9818, 5.8121, 5.8107, 5.7804, 5.6286, 5.3863, 5.346, 5.3298, 5.2622, 5.2619, 5.2603, 5.2218, 5.1754, 5.0966, 5.089, 5.0079, 4.9492]"
pump,id_02,00000010.wav,abnormal,3.1892,CRITICAL,39.4594,29.6895,0.982066,1.006174,0.986945,0.553207,0.777797,1.271609,"[35, 159, 188, 63, 29, 164, 21, 103, 8, 69, 10, 211, 79, 76, 167, 12, 41, 0, 55, 71]","[4.0749, 3.8583, 3.8537, 3.5426, 3.4189, 3.2704, 3.2097, 3.171, 3.1585, 3.1567, 3.1447, 3.1327, 3.1325, 3.0998, 3.0826, 3.0802, 3.0745, 3.0516, 3.0487, 3.034]"
pump,id_02,00000011.wav,abnormal,1.8468,CRITICAL,41.1342,24.6038,0.900423,1.202421,1.046453,0.572825,1.068329,0.649357,"[63, 178, 161, 175, 147, 77, 111, 218, 130, 247, 38, 114, 206, 236, 181, 159, 21, 188, 102, 166]","[3.4909, 3.3927, 3.3754, 3.2506, 3.2257, 3.1605, 3.1376, 3.0614, 2.9594, 2.9542, 2.9249, 2.9212, 2.8941, 2.8679, 2.8499, 2.8425, 2.7646, 2.7509, 2.6503, 2.6432]"
pump,id_02,00000012.wav,abnormal,41.6664,CRITICAL,27.6382,24.3118,0.891062,0.985201,0.965823,0.489097,0.82546,0.576308,"[69, 7, 187, 103, 93, 213, 34, 76, 211, 215, 123, 190, 41, 82, 183, 188, 131, 142, 36, 189]","[3.237, 2.7269, 2.6907, 2.6703, 2.6275, 2.6216, 2.6067, 2.5557, 2.5332, 2.5242, 2.4906, 2.476, 2.4548, 2.4469, 2.4077, 2.3873, 2.3842, 2.3733, 2.3393, 2.3391]"
pump,id_02,00000013.wav,abnormal,30.503,CRITICAL,29.7931,22.9748,0.857925,0.979322,1.074125,0.554371,0.800937,0.439435,"[63, 175, 178, 161, 135, 130, 114, 150, 240, 159, 85, 173, 188, 43, 236, 35, 127, 83, 203, 198]","[3.7759, 3.1942, 3.1843, 3.1315, 2.9488, 2.91, 2.8826, 2.8661, 2.8473, 2.7331, 2.7278, 2.7249, 2.6721, 2.6075, 2.5367, 2.5226, 2.4718, 2.454, 2.4278, 2.4116]"
pump,id_02,00000014.wav,abnormal,18.7852,CRITICAL,32.4969,29.9735,0.749725,0.983752,0.888177,0.419109,1.071552,1.919961,"[188, 206, 204, 111, 63, 69, 102, 77, 54, 147, 83, 127, 82, 24, 38, 218, 200, 92, 109, 190]","[3.5538, 3.5495, 3.528, 3.5228, 3.5173, 3.4642, 3.3619, 3.3231, 3.288, 3.2773, 3.2531, 3.2462, 3.217, 3.1826, 3.1754, 3.0928, 3.0779, 3.036, 3.0, 2.9936]"
pump,id_04,00000081.wav,normal,90.3869,EXCELLENT,16.2835,17.6746,0.481581,0.772879,0.791831,0.566823,0.824381,0.662167,"[173, 145, 70, 253, 83, 151, 198, 245, 217, 150, 232, 85, 121, 51, 16, 63, 114, 148, 203, 115]","[2.5197, 2.5157, 2.2925, 2.2598, 2.2116, 2.1748, 2.0738, 2.0394, 2.0312, 2.0221, 1.9827, 1.9768, 1.965, 1.921, 1.9131, 1.9056, 1.8996, 1.8978, 1.8916, 1.7782]"
pump,id_04,00000105.wav,normal,60.8861,WARNING,25.5728,14.3224,0.732947,0.629043,0.625928,1.048226,0.723265,1.766332,"[219, 233, 177, 40, 90, 36, 164, 99, 48, 217, 65, 195, 208, 15, 218, 5, 145, 54, 72, 84]","[2.3733, 1.9811, 1.9626, 1.7795, 1.7316, 1.731, 1.7304, 1.7129, 1.7059, 1.7046, 1.6821, 1.6586, 1.6484, 1.6444, 1.6234, 1.6207, 1.6073, 1.6071, 1.5918, 1.5699]"
pump,id_04,00000328.wav,normal,99.133,EXCELLENT,6.5609,16.4653,0.711223,0.759552,0.765579,1.396433,1.007755,1.257214,"[16, 85, 70, 115, 150, 135, 73, 244, 137, 126, 198, 179, 30, 230, 148, 240, 247, 43, 79, 206]","[2.1169, 2.1022, 2.0648, 2.0465, 1.9302, 1.8761, 1.859, 1.8528, 1.8461, 1.8272, 1.8142, 1.7941, 1.772, 1.7706, 1.7404, 1.7217, 1.6871, 1.6733, 1.673, 1.6658]"
pump,id_04,00000698.wav,normal,95.995,EXCELLENT,12.2499,7.913,0.599672,0.659723,0.728545,0.758078,0.58711,0.702998,"[47, 58, 202, 229, 97, 40, 108, 166, 195, 87, 65, 164, 218, 147, 38, 14, 248, 206, 54, 246]","[0.8962, 0.8939, 0.8928, 0.8893, 0.8884, 0.8818, 0.8817, 0.8753, 0.8639, 0.8505, 0.8421, 0.8364, 0.8261, 0.8247, 0.8176, 0.8164, 0.8098, 0.8052, 0.8019, 0.8018]"
pump,id_04,00000558.wav,normal,96.2574,EXCELLENT,11.9672,15.1393,0.741554,0.787478,0.736889,0.620161,0.595389,0.777099,"[50, 49, 224, 170, 22, 106, 136, 98, 237, 94, 13, 104, 8, 197, 193, 78, 185, 112, 1, 167]","[1.8907, 1.862, 1.7713, 1.7691, 1.7467, 1.7447, 1.7346, 1.7259, 1.6976, 1.6917, 1.6723, 1.6672, 1.6601, 1.6588, 1.6285, 1.627, 1.6234, 1.5966, 1.594, 1.5906]"
pump,id_04,00000184.wav,normal,97.9764,EXCELLENT,9.5487,11.0263,0.565182,0.869877,0.795852,0.644213,0.569058,0.805118,"[254, 192, 213, 220, 223, 232, 237, 97, 231, 101, 108, 53, 159, 35, 211, 251, 65, 252, 162, 12]","[1.8501, 1.8183, 1.7006, 1.4867, 1.4776, 1.4632, 1.4088, 1.392, 1.3639, 1.3599, 1.3344, 1.3234, 1.3088, 1.3076, 1.2814, 1.2781, 1.2709, 1.2618, 1.2593, 1.2588]"
pump,id_04,00000440.wav,normal,97.745,EXCELLENT,9.9571,13.8197,0.480074,0.670167,0.72846,0.307292,0.719395,0.692897,"[255, 237, 0, 66, 12, 243, 146, 136, 112, 19, 91, 119, 50, 49, 36, 85, 55, 170, 158, 160]","[1.8383, 1.7765, 1.775, 1.743, 1.7318, 1.7298, 1.687, 1.6826, 1.6692, 1.6578, 1.648, 1.6469, 1.6272, 1.6026, 1.6011, 1.5791, 1.578, 1.5676, 1.551, 1.5488]"
pump,id_04,00000080.wav,normal,98.7947,EXCELLENT,7.6817,11.7954,0.479574,0.726567,0.669084,0.722054,0.730219,0.659469,"[145, 253, 151, 83, 24, 70, 190, 173, 157, 217, 29, 223, 232, 153, 105, 36, 174, 245, 200, 15]","[2.2328, 1.8455, 1.6083, 1.5779, 1.5631, 1.5356, 1.5296, 1.5164, 1.4911, 1.4587, 1.3519, 1.3265, 1.3241, 1.3186, 1.3082, 1.2654, 1.2173, 1.2126, 1.2089, 1.2052]"
pump,id_04,00000434.wav,normal,98.5401,EXCELLENT,8.3563,10.8678,0.598946,0.723597,0.651422,0.478909,0.552098,0.579752,"[238, 255, 154, 59, 19, 91, 153, 250, 66, 112, 228, 3, 0, 113, 243, 6, 151, 36, 12, 60]","[1.8762, 1.5739, 1.5735, 1.5372, 1.4903, 1.489, 1.412, 1.3656, 1.3411, 1.3406, 1.3159, 1.2767, 1.2035, 1.1915, 1.1904, 1.1689, 1.1586, 1.153, 1.1517, 1.143]"
pump,id_04,00000084.wav,normal,99.1471,EXCELLENT,6.5062,13.8185,0.43932,0.638735,1.131763,0.428383,0.499978,0.672203,"[137, 135, 244, 198, 16, 171, 152, 145, 85, 121, 115, 79, 158, 205, 56, 187, 119, 37, 222, 140]","[2.0797, 1.8909, 1.8845, 1.8561, 1.8021, 1.7765, 1.7542, 1.6873, 1.664, 1.5799, 1.54, 1.5118, 1.5015, 1.4898, 1.4716, 1.4444, 1.4431, 1.404, 1.4015, 1.3907]"
pump,id_04,00000273.wav,normal,97.8567,EXCELLENT,9.7647,16.9295,0.501764,0.935588,0.663793,0.305625,0.533252,0.499997,"[170, 19, 252, 112, 49, 106, 91, 13, 231, 57, 120, 162, 46, 132, 144, 250, 203, 154, 136, 255]","[2.1388, 2.0166, 2.0101, 1.9731, 1.9388, 1.9313, 1.9208, 1.9087, 1.8802, 1.871, 1.8676, 1.8562, 1.8469, 1.8237, 1.8179, 1.8089, 1.7917, 1.7874, 1.7745, 1.7736]"
pump,id_04,00000531.wav,normal,98.309,EXCELLENT,8.886,11.8743,0.710385,0.500049,0.711863,0.533518,0.470154,0.523184,"[124, 125, 59, 182, 12, 153, 225, 0, 237, 170, 4, 112, 91, 19, 36, 98, 8, 255, 6, 23]","[1.8993, 1.756, 1.6794, 1.6195, 1.6192, 1.6046, 1.5847, 1.5383, 1.5193, 1.5154, 1.4533, 1.4368, 1.4293, 1.4105, 1.4009, 1.3977, 1.3839, 1.3736, 1.3215, 1.2974]"
pump,id_04,00000617.wav,normal,99.3208,EXCELLENT,5.7595,4.5131,0.50854,0.732167,0.790757,0.771682,0.620344,0.549569,"[253, 177, 36, 131, 190, 9, 217, 226, 157, 237, 228, 70, 96, 209, 145, 76, 189, 55, 182, 83]","[0.8601, 0.6713, 0.6377, 0.6294, 0.6125, 0.5794, 0.5735, 0.5501, 0.5421, 0.5242, 0.5237, 0.5128, 0.5111, 0.4972, 0.4937, 0.4937, 0.4842, 0.4815, 0.4775, 0.4698]"
pump,id_04,00000509.wav,normal,96.0462,EXCELLENT,12.1959,11.0532,0.520627,0.621234,0.768436,0.61081,0.558313,0.884581,"[0, 10, 12, 131, 208, 55, 41, 36, 85, 83, 125, 198, 151, 237, 66, 255, 217, 158, 79, 145]","[1.6647, 1.557, 1.5516, 1.5109, 1.4629, 1.4628, 1.4529, 1.4507, 1.45, 1.4312, 1.4116, 1.4019, 1.3914, 1.3751, 1.3594, 1.3464, 1.3226, 1.316, 1.301, 1.2766]"
pump,id_04,00000508.wav,normal,93.7317,EXCELLENT,14.2158,10.0028,0.45752,0.510075,0.843202,0.649549,0.778782,0.824456,"[121, 145, 217, 198, 16, 150, 245, 55, 85, 203, 115, 173, 83, 30, 41, 208, 29, 43, 63, 36]","[1.5068, 1.4825, 1.4504, 1.4409, 1.369, 1.3544, 1.3208, 1.2957, 1.2793, 1.2768, 1.2565, 1.256, 1.2325, 1.2132, 1.2053, 1.1838, 1.1168, 1.1073, 1.0885, 1.0855]"
pump,id_04,00000000.wav,abnormal,0.0,CRITICAL,83.0988,50.1809,0.706303,0.883509,0.803516,1.256994,1.420751,0.972301,"[17, 154, 133, 248, 231, 228, 3, 18, 100, 107, 112, 202, 123, 238, 209, 163, 226, 60, 186, 249]","[6.4654, 6.2431, 6.0988, 5.9254, 5.816, 5.7938, 5.6479, 5.5823, 5.5342, 5.516, 5.4911, 5.4798, 5.4411, 5.4194, 5.2812, 5.2712, 5.2638, 5.2426, 5.1663, 5.1221]"
pump,id_04,00000001.wav,abnormal,43.372,CRITICAL,29.58,18.0753,0.781199,0.647736,0.67159,0.909315,0.763177,0.905559,"[61, 239, 105, 132, 120, 51, 144, 5, 204, 68, 92, 169, 13, 138, 233, 104, 174, 102, 94, 46]","[2.1609, 2.1051, 2.0988, 2.0786, 2.0652, 2.0498, 2.0182, 2.0106, 2.0045, 1.9579, 1.9474, 1.9265, 1.8929, 1.866, 1.8504, 1.8366, 1.8159, 1.8138, 1.7984, 1.7808]"
pump,id_04,00000002.wav,abnormal,0.0,CRITICAL,97.1399,74.4549,0.97675,0.761914,0.913094,0.822139,1.876191,0.628501,"[228, 17, 226, 189, 18, 133, 123, 46, 118, 163, 248, 112, 215, 89, 209, 172, 96, 107, 28, 1]","[10.6034, 10.5848, 10.1486, 9.8297, 8.5573, 8.5481, 8.3699, 8.2356, 8.1648, 8.1337, 8.0969, 8.0315, 7.9246, 7.8804, 7.8295, 7.5915, 7.524, 7.5084, 7.4941, 7.4046]"
pump,id_04,00000003.wav,abnormal,48.6113,CRITICAL,28.3858,27.2083,1.306175,0.836279,0.755664,1.935585,0.866041,0.747995,"[212, 156, 201, 165, 221, 113, 32, 80, 149, 31, 26, 235, 210, 60, 105, 27, 116, 100, 3, 189]","[4.8801, 4.8485, 4.7669, 4.4673, 4.4081, 4.3557, 3.864, 3.5234, 3.4599, 3.292, 3.1279, 3.1022, 3.056, 3.0244, 2.8982, 2.893, 2.8865, 2.8767, 2.7881, 2.7625]"
pump,id_04,00000004.wav,abnormal,0.0,CRITICAL,111.1381,68.9319,1.565455,1.530771,1.349889,0.678576,1.893087,0.547455,"[202, 177, 101, 53, 131, 123, 208, 226, 55, 197, 96, 209, 220, 189, 133, 36, 158, 245, 248, 107]","[9.191, 9.1587, 8.9241, 8.6637, 8.5132, 8.4321, 8.3758, 8.3261, 8.0748, 7.9677, 7.9012, 7.8739, 7.8583, 7.7726, 7.7135, 7.6359, 7.6064, 7.5272, 7.5186, 7.4087]"
pump,id_04,00000005.wav,abnormal,96.6983,EXCELLENT,11.4536,8.5272,0.580596,0.716128,0.75046,0.87695,0.90299,0.827882,"[230, 150, 121, 173, 101, 97, 75, 30, 64, 245, 198, 196, 217, 155, 43, 240, 220, 67, 167, 232]","[1.2928, 1.2514, 1.1756, 1.1129, 1.1082, 1.1065, 1.0927, 1.0837, 1.0796, 1.0712, 1.0455, 1.0302, 1.0008, 1.0008, 0.9993, 0.9932, 0.9508, 0.941, 0.9265, 0.9245]"
pump,id_04,00000006.wav,abnormal,0.0,CRITICAL,119.9423,93.535,1.536562,1.714211,1.148062,1.202522,1.996202,1.797164,"[189, 228, 36, 226, 17, 177, 131, 202, 208, 123, 107, 9, 192, 197, 209, 235, 133, 248, 14, 110]","[15.4896, 14.7386, 13.4613, 12.9823, 12.2575, 12.1345, 12.0541, 11.4882, 11.2143, 10.8391, 10.8041, 10.7408, 10.5984, 10.5927, 10.3618, 10.3312, 10.1294, 9.9831, 9.6952, 9.5851]"
pump,id_04,00000007.wav,abnormal,72.3694,WARNING,22.7026,24.3983,0.862263,0.870493,0.76688,0.964406,0.742451,0.830185,"[121, 245, 75, 96, 201, 198, 107, 220, 30, 250, 150, 149, 101, 97, 43, 162, 212, 211, 154, 64]","[3.3207, 3.2248, 3.1315, 3.1152, 3.1028, 3.0574, 3.0508, 3.042, 2.9325, 2.93, 2.9224, 2.9008, 2.8817, 2.8728, 2.8449, 2.832, 2.8143, 2.7429, 2.7411, 2.6925]"
pump,id_04,00000008.wav,abnormal,0.0,CRITICAL,117.4736,70.8116,1.742672,2.093207,1.422817,0.544218,1.741577,0.482929,"[226, 228, 123, 17, 213, 133, 189, 131, 96, 202, 34, 209, 53, 163, 248, 154, 101, 215, 177, 220]","[9.6976, 9.4285, 8.8538, 8.7609, 8.7021, 8.5888, 8.5783, 8.5263, 8.5241, 8.4746, 8.14, 7.9439, 7.8874, 7.6412, 7.6062, 7.4118, 7.3749, 7.3481, 7.3152, 7.2674]"
pump,id_04,00000009.wav,abnormal,91.961,EXCELLENT,15.3927,20.4794,0.943999,1.293642,0.881052,0.513354,1.206314,1.123875,"[64, 75, 230, 30, 121, 58, 107, 152, 37, 155, 101, 171, 140, 25, 6, 177, 150, 97, 157, 198]","[3.4365, 3.1073, 3.0769, 2.9166, 2.9045, 2.8828, 2.8312, 2.7945, 2.7584, 2.6694, 2.5898, 2.5408, 2.5388, 2.488, 2.4561, 2.3692, 2.3343, 2.2833, 2.2794, 2.2553]"
pump,id_04,00000010.wav,abnormal,0.0,CRITICAL,126.7638,75.4693,1.846289,2.182086,1.468587,0.616943,1.892421,0.812781,"[226, 213, 123, 131, 17, 34, 228, 96, 133, 215, 189, 202, 163, 46, 41, 209, 190, 89, 7, 53]","[10.7746, 9.9024, 9.6191, 9.3656, 9.3611, 9.3012, 9.1817, 8.9475, 8.9286, 8.915, 8.8243, 8.4478, 8.4351, 8.0886, 7.9925, 7.9725, 7.9143, 7.8437, 7.7952, 7.644]"
pump,id_04,00000011.wav,abnormal,98.9892,EXCELLENT,7.077,9.3842,0.617245,0.627252,0.799416,0.761953,0.93543,0.420941,"[240, 67, 15, 188, 63, 150, 159, 164, 130, 126, 230, 118, 2, 173, 35, 21, 30, 232, 29, 43]","[1.2745, 1.267, 1.2416, 1.2223, 1.2112, 1.1423, 1.1189, 1.1108, 1.1047, 1.0697, 1.0654, 1.0276, 1.013, 1.0124, 1.0078, 0.9953, 0.9952, 0.9936, 0.9882, 0.9819]"
pump,id_04,00000012.wav,abnormal,0.0,CRITICAL,111.2006,55.5308,1.645869,1.67177,1.192364,0.725258,1.822511,1.28769,"[117, 176, 123, 98, 131, 182, 189, 202, 197, 125, 227, 53, 34, 26, 235, 36, 214, 9, 209, 213]","[6.8707, 6.7749, 6.7746, 6.4331, 6.4228, 6.4212, 6.4088, 6.2405, 6.2057, 6.2002, 6.1982, 6.1361, 6.1177, 6.0608, 6.0391, 6.0365, 5.9994, 5.9976, 5.9085, 5.8509]"
pump,id_04,00000013.wav,abnormal,98.2104,EXCELLENT,9.0933,10.8719,0.576843,0.817271,0.710188,0.76964,1.030971,0.553508,"[35, 159, 5, 84, 63, 232, 51, 188, 173, 213, 240, 211, 132, 164, 29, 203, 82, 67, 127, 162]","[1.5041, 1.494, 1.4052, 1.4019, 1.3934, 1.3207, 1.3149, 1.3077, 1.2535, 1.2301, 1.2205, 1.1719, 1.1654, 1.1606, 1.1587, 1.157, 1.1318, 1.128, 1.1273, 1.1263]"
pump,id_04,00000014.wav,abnormal,0.0,CRITICAL,113.5601,90.4433,1.266296,1.241634,0.995426,0.808378,1.887885,1.014656,"[226, 17, 96, 131, 123, 228, 245, 163, 36, 215, 189, 202, 208, 107, 41, 213, 101, 133, 55, 46]","[14.0187, 12.226, 11.7373, 11.1747, 11.1333, 11.1015, 10.8877, 10.8562, 10.7036, 10.6946, 10.632, 10.6174, 10.5562, 10.4668, 10.435, 10.4265, 10.2034, 10.1829, 10.1435, 9.9392]"
pump,id_06,00000048.wav,normal,99.7709,EXCELLENT,3.7974,10.0924,0.704965,0.69953,0.776753,0.603915,0.652284,0.956937,"[145, 16, 245, 115, 121, 253, 107, 49, 198, 39, 106, 96, 70, 94, 112, 91, 18, 100, 154, 11]","[1.6623, 1.2777, 1.2682, 1.2661, 1.2319, 1.2228, 1.195, 1.1905, 1.1449, 1.1264, 1.1232, 1.113, 1.0943, 1.084, 1.0751, 1.0738, 1.073, 1.0718, 1.0714, 1.0446]"
pump,id_06,00000507.wav,normal,99.0728,EXCELLENT,7.7856,8.8661,0.542075,1.135858,1.160973,0.697858,0.901199,0.234899,"[143, 180, 72, 74, 78, 39, 52, 66, 86, 191, 73, 20, 45, 99, 19, 239, 4, 176, 95, 199]","[1.2112, 1.1954, 1.1778, 1.1349, 1.107, 1.0934, 1.0345, 1.0329, 1.0313, 1.0229, 1.0149, 1.0009, 1.0003, 0.973, 0.9723, 0.9541, 0.9429, 0.9404, 0.9383, 0.9296]"
pump,id_06,00000569.wav,normal,65.0989,WARNING,24.112,18.4592,1.51059,1.207034,0.937727,2.572548,1.819017,2.284248,"[113, 221, 105, 201, 165, 15, 212, 32, 60, 100, 80, 156, 220, 178, 26, 224, 151, 149, 59, 31]","[4.2651, 3.9883, 3.5289, 3.2865, 2.8318, 2.4987, 2.4816, 2.4488, 2.347, 2.287, 2.2192, 2.1732, 2.0514, 1.9694, 1.9609, 1.9298, 1.9055, 1.8801, 1.8702, 1.8608]"
pump,id_06,00000437.wav,normal,81.2445,GOOD,19.9698,18.2365,0.794313,0.848312,1.032576,0.589743,0.768742,0.999565,"[32, 157, 166, 113, 87, 210, 6, 38, 64, 153, 225, 10, 88, 3, 24, 155, 165, 212, 230, 196]","[2.0929, 2.0541, 2.0003, 1.9977, 1.9477, 1.9465, 1.9395, 1.9252, 1.909, 1.9002, 1.8981, 1.8914, 1.8743, 1.8658, 1.8617, 1.8616, 1.8387, 1.826, 1.8233, 1.8211]"
pump,id_06,00000695.wav,normal,78.3846,GOOD,20.814,25.274,1.200677,0.808288,0.625668,3.399026,0.637894,0.596821,"[235, 202, 248, 209, 107, 30, 177, 133, 208, 197, 16, 227, 115, 123, 139, 9, 163, 53, 158, 36]","[3.4187, 3.3579, 3.3405, 3.2103, 3.2098, 3.16, 3.1215, 3.1072, 3.0281, 3.0104, 3.0052, 2.9994, 2.9571, 2.9093, 2.8597, 2.859, 2.8463, 2.7992, 2.7697, 2.7668]"
pump,id_06,00000641.wav,normal,94.6927,EXCELLENT,13.9192,18.755,0.660081,0.729128,0.695179,0.898101,0.651513,1.012053,"[15, 185, 105, 1, 242, 118, 174, 144, 145, 11, 104, 31, 94, 141, 46, 169, 183, 42, 92, 18]","[2.5533, 2.4473, 2.3484, 2.3262, 2.2968, 2.2639, 2.2393, 2.1937, 2.1756, 2.1585, 2.1181, 2.1138, 2.1033, 2.0832, 2.0785, 2.0709, 2.0146, 1.9866, 1.9721, 1.9707]"
pump,id_06,00000179.wav,normal,99.044,EXCELLENT,7.8801,12.4497,0.551471,0.643376,0.751034,0.560257,0.650768,0.857032,"[118, 156, 171, 56, 251, 31, 90, 46, 141, 15, 168, 172, 11, 192, 184, 28, 206, 224, 187, 234]","[1.4926, 1.4888, 1.3982, 1.3803, 1.378, 1.378, 1.3712, 1.3509, 1.3404, 1.3388, 1.3298, 1.3222, 1.3132, 1.2997, 1.2853, 1.2781, 1.2718, 1.2689, 1.2653, 1.2558]"
pump,id_06,00000752.wav,normal,99.0917,EXCELLENT,7.7221,9.01,0.544236,0.568175,0.688189,0.505793,0.485226,0.714801,"[74, 178, 45, 52, 191, 161, 33, 68, 246, 139, 199, 132, 2, 239, 27, 105, 61, 138, 26, 51]","[1.2905, 1.2413, 1.2342, 1.2241, 1.2067, 1.1874, 1.1059, 1.0882, 1.0695, 1.0424, 1.0248, 1.0246, 1.0188, 1.0129, 1.0033, 0.9913, 0.9844, 0.9772, 0.9591, 0.953]"
pump,id_06,00000605.wav,normal,98.2591,EXCELLENT,9.8121,11.1805,0.468067,0.493773,0.580609,0.467244,0.714553,0.815329,"[238, 60, 154, 250, 221, 100, 18, 133, 113, 220, 25, 3, 186, 178, 255, 91, 59, 99, 106, 249]","[1.8717, 1.8405, 1.7375, 1.7204, 1.6934, 1.5329, 1.4896, 1.4818, 1.4312, 1.4266, 1.3996, 1.3819, 1.3748, 1.3707, 1.313, 1.2811, 1.2336, 1.2118, 1.2009, 1.1986]"
pump,id_06,00000570.wav,normal,37.6596,CRITICAL,29.9435,23.4477,1.168666,0.558243,0.633444,1.232624,0.46775,1.030208,"[13, 46, 134, 203, 112, 100, 231, 133, 57, 252, 49, 154, 186, 162, 248, 163, 17, 20, 215, 144]","[3.7124, 3.2953, 3.1379, 3.1111, 3.0191, 3.0114, 2.9244, 2.9216, 2.704, 2.6811, 2.6261, 2.6002, 2.5871, 2.5826, 2.5712, 2.568, 2.5565, 2.5472, 2.5384, 2.5035]"
pump,id_06,00000062.wav,normal,98.6157,EXCELLENT,9.0546,14.3418,0.735582,0.462764,0.522072,0.688341,0.534788,0.799258,"[94, 179, 18, 100, 1, 203, 89, 200, 17, 16, 78, 144, 185, 106, 92, 49, 11, 163, 127, 13]","[1.8632, 1.8022, 1.7592, 1.7224, 1.7146, 1.695, 1.6929, 1.6625, 1.6416, 1.6325, 1.6289, 1.6226, 1.6153, 1.6105, 1.594, 1.5896, 1.5823, 1.5798, 1.576, 1.5734]"
pump,id_06,00000281.wav,normal,99.5826,EXCELLENT,5.4354,8.2208,0.527325,0.594583,0.742738,0.653093,0.763724,0.795082,"[145, 245, 16, 253, 96, 115, 11, 94, 143, 112, 121, 39, 49, 137, 198, 106, 120, 203, 107, 236]","[1.4972, 1.0554, 1.0409, 1.0062, 0.9902, 0.9614, 0.9612, 0.9549, 0.9376, 0.9328, 0.9261, 0.9252, 0.9124, 0.9025, 0.8986, 0.8955, 0.8886, 0.8856, 0.859, 0.856]"
pump,id_06,00000307.wav,normal,99.5698,EXCELLENT,5.5205,7.7646,0.632046,0.743238,0.764184,0.570762,0.54548,0.818306,"[145, 137, 11, 236, 16, 96, 144, 245, 94, 89, 179, 203, 17, 115, 92, 226, 200, 57, 253, 198]","[1.5063, 1.0924, 1.0725, 1.0663, 1.0544, 1.0342, 0.9544, 0.9408, 0.9395, 0.9237, 0.8971, 0.8862, 0.8754, 0.8667, 0.852, 0.8489, 0.8486, 0.8423, 0.8395, 0.8368]"
pump,id_06,00000423.wav,normal,98.7828,EXCELLENT,8.6402,16.8031,0.670551,1.124779,1.45844,0.717434,0.776461,0.34681,"[86, 67, 176, 170, 23, 50, 252, 196, 98, 149, 214, 14, 132, 126, 88, 44, 117, 110, 51, 9]","[2.0554, 2.0036, 1.9745, 1.9571, 1.9389, 1.9019, 1.8573, 1.8519, 1.8174, 1.8037, 1.8037, 1.7997, 1.7953, 1.7907, 1.7766, 1.7746, 1.765, 1.7579, 1.7343, 1.7299]"
pump,id_06,00000226.wav,normal,99.0896,EXCELLENT,7.7293,20.1644,0.601128,0.625163,0.644693,0.528439,0.498216,0.320024,"[105, 94, 104, 144, 13, 1, 185, 242, 57, 78, 169, 42, 106, 207, 49, 120, 174, 18, 92, 89]","[2.5178, 2.4967, 2.4595, 2.4579, 2.4413, 2.4369, 2.4261, 2.4153, 2.3748, 2.37, 2.3179, 2.3119, 2.3038, 2.2793, 2.266, 2.2592, 2.2532, 2.2328, 2.2282, 2.1991]"
pump,id_06,00000000.wav,abnormal,0.5171,CRITICAL,48.6209,35.5944,1.718575,1.65179,0.944702,1.709913,0.800485,1.689591,"[99, 127, 200, 74, 161, 240, 211, 63, 203, 16, 115, 120, 236, 73, 162, 96, 92, 43, 149, 126]","[4.6972, 4.5191, 4.283, 4.1711, 4.1561, 4.1479, 4.0049, 3.9339, 3.8813, 3.8488, 3.8396, 3.8081, 3.7774, 3.7689, 3.7428, 3.7367, 3.6748, 3.6482, 3.6336, 3.6145]"
pump,id_06,00000001.wav,abnormal,96.5451,EXCELLENT,12.2421,17.7644,0.593229,0.671541,0.767117,0.543774,0.691896,0.359073,"[252, 67, 173, 51, 126, 230, 254, 162, 132, 61, 240, 231, 148, 150, 86, 196, 73, 232, 168, 44]","[2.2555, 2.2133, 2.1408, 2.1036, 2.0733, 2.0438, 2.0398, 2.0393, 2.0189, 1.9741, 1.9703, 1.9257, 1.919, 1.9097, 1.9092, 1.8873, 1.8486, 1.8318, 1.8099, 1.8004]"
pump,id_06,00000002.wav,abnormal,0.0,CRITICAL,70.2354,42.2755,1.004033,1.22133,1.209637,0.776007,0.621906,0.906828,"[175, 130, 63, 71, 178, 247, 161, 159, 188, 43, 128, 240, 85, 2, 114, 160, 151, 119, 35, 146]","[6.4534, 5.6104, 5.4456, 5.3781, 5.3614, 5.2637, 5.2096, 5.095, 5.0746, 5.0198, 4.9855, 4.9389, 4.9113, 4.8731, 4.8382, 4.8214, 4.8011, 4.674, 4.5891, 4.578]"
pump,id_06,00000003.wav,abnormal,87.1954,GOOD,17.9048,26.7709,0.63749,0.601283,0.875033,0.552536,0.663692,0.169161,"[171, 224, 119, 242, 222, 80, 13, 118, 20, 241, 141, 105, 65, 156, 22, 216, 172, 42, 185, 140]","[3.3176, 3.2057, 3.0055, 2.9779, 2.871, 2.8597, 2.855, 2.8175, 2.7952, 2.7948, 2.7767, 2.7626, 2.7312, 2.7289, 2.7031, 2.6981, 2.6948, 2.6925, 2.6888, 2.6763]"
pump,id_06,00000004.wav,abnormal,0.0126,CRITICAL,57.7245,39.4053,0.930765,1.104022,1.270761,0.880851,0.85753,1.864819,"[71, 43, 175, 85, 188, 63, 130, 240, 159, 247, 83, 79, 119, 178, 161, 12, 211, 151, 167, 35]","[5.4582, 5.218, 5.177, 5.061, 4.9315, 4.8936, 4.7594, 4.7073, 4.641, 4.6372, 4.6274, 4.5761, 4.5301, 4.424, 4.4016, 4.3629, 4.2866, 4.2135, 4.2019, 4.1783]"
pump,id_06,00000005.wav,abnormal,42.0726,CRITICAL,28.9938,26.8141,0.74536,0.734877,0.722564,1.067288,1.060874,0.667189,"[105, 15, 46, 185, 1, 144, 118, 174, 242, 18, 104, 42, 57, 89, 207, 28, 141, 183, 145, 137]","[3.5355, 3.5113, 3.4911, 3.4411, 3.377, 3.3424, 3.308, 3.2097, 3.2091, 3.1799, 3.079, 3.0422, 3.0194, 2.9815, 2.9331, 2.9252, 2.8703, 2.8489, 2.8389, 2.8275]"
pump,id_06,00000006.wav,abnormal,0.0,CRITICAL,77.6514,43.7332,1.334312,2.221804,1.647697,0.696041,0.89568,1.203014,"[71, 43, 85, 175, 83, 188, 178, 161, 63, 240, 79, 130, 159, 55, 198, 247, 236, 203, 41, 137]","[5.8667, 5.784, 5.6294, 5.5593, 5.5115, 5.4285, 5.427, 5.3607, 5.2868, 4.9782, 4.9529, 4.7759, 4.7462, 4.6793, 4.6338, 4.6311, 4.6139, 4.5989, 4.5475, 4.547]"
pump,id_06,00000007.wav,abnormal,99.687,EXCELLENT,4.6369,7.9784,0.584531,0.509766,0.682193,0.407665,0.483908,0.264787,"[15, 145, 49, 105, 13, 194, 21, 134, 186, 106, 100, 185, 146, 247, 1, 18, 91, 219, 252, 243]","[1.4165, 1.13, 1.1226, 1.0949, 1.0923, 1.0607, 0.9983, 0.9978, 0.9844, 0.9779, 0.9558, 0.9325, 0.9301, 0.9141, 0.9078, 0.9071, 0.8984, 0.8954, 0.8887, 0.8681]"
pump,id_06,00000008.wav,abnormal,0.0,CRITICAL,76.5482,35.8534,1.267398,1.271767,1.218223,0.811393,0.701166,1.514631,"[43, 83, 85, 79, 71, 137, 55, 41, 158, 198, 96, 188, 217, 16, 10, 101, 237, 253, 203, 208]","[4.9185, 4.7955, 4.6857, 4.6242, 4.5751, 4.4794, 4.4498, 4.3116, 4.2101, 4.2093, 4.2045, 4.1742, 4.0063, 3.9601, 3.9433, 3.9381, 3.7801, 3.7515, 3.7252, 3.7111]"
pump,id_06,00000009.wav,abnormal,98.8506,EXCELLENT,8.4577,36.3275,0.528196,0.760165,0.750202,0.82294,0.771766,0.978471,"[105, 252, 13, 207, 42, 61, 57, 120, 239, 132, 174, 242, 68, 136, 62, 223, 241, 185, 144, 109]","[5.1242, 5.0442, 5.0411, 4.9056, 4.8067, 4.7711, 4.7236, 4.5566, 4.5105, 4.4534, 4.4379, 4.4139, 4.4057, 4.217, 4.1567, 4.144, 4.1404, 4.1159, 3.9377, 3.9263]"
pump,id_06,00000010.wav,abnormal,0.0,CRITICAL,73.401,50.8269,1.069003,1.594683,1.111753,0.735566,0.768581,1.400662,"[175, 71, 43, 85, 240, 79, 135, 188, 119, 161, 247, 63, 178, 83, 130, 198, 150, 158, 101, 222]","[7.4147, 6.9335, 6.9289, 6.6953, 6.4914, 6.3792, 6.0449, 6.0256, 5.9821, 5.9534, 5.889, 5.8501, 5.8132, 5.7785, 5.7625, 5.6972, 5.6302, 5.5145, 5.4854, 5.4322]"
pump,id_06,00000011.wav,abnormal,99.3361,EXCELLENT,6.7757,34.7856,0.596073,0.557622,0.609707,0.438474,0.835405,0.648986,"[13, 105, 207, 242, 42, 174, 185, 57, 104, 183, 252, 169, 144, 241, 46, 15, 1, 94, 120, 78]","[5.0725, 5.0651, 4.6052, 4.5954, 4.4212, 4.267, 4.247, 4.1808, 4.0484, 4.0366, 4.0167, 3.9867, 3.9054, 3.898, 3.853, 3.8491, 3.8234, 3.7784, 3.7355, 3.7348]"
pump,id_06,00000012.wav,abnormal,0.4441,CRITICAL,49.0557,30.4217,1.529544,1.576157,0.780582,1.674558,1.276704,1.466589,"[161, 74, 178, 63, 99, 52, 27, 132, 127, 114, 33, 120, 211, 191, 223, 200, 35, 68, 45, 159]","[3.8018, 3.7365, 3.7349, 3.7006, 3.4248, 3.3994, 3.3971, 3.3858, 3.3736, 3.3242, 3.3155, 3.2817, 3.2742, 3.2203, 3.1953, 3.168, 3.1503, 3.1464, 3.142, 3.1327]"
pump,id_06,00000013.wav,abnormal,95.2959,EXCELLENT,13.4337,22.31,0.783038,0.468788,0.623103,0.484013,0.662481,0.879688,"[105, 13, 252, 132, 61, 120, 223, 68, 207, 239, 169, 7, 174, 57, 242, 82, 138, 42, 144, 33]","[3.209, 3.2006, 3.1858, 2.8778, 2.818, 2.6995, 2.6952, 2.6731, 2.6525, 2.6018, 2.5729, 2.5714, 2.5314, 2.5245, 2.4976, 2.4115, 2.3824, 2.3786, 2.3716, 2.3141]"
pump,id_06,00000014.wav,abnormal,0.3874,CRITICAL,49.4396,38.9308,1.035818,1.436816,1.24305,0.614333,1.137691,2.586108,"[71, 175, 43, 85, 119, 130, 247, 63, 240, 188, 12, 159, 79, 160, 146, 222, 167, 35, 151, 83]","[5.5077, 5.2121, 5.023, 5.0065, 4.8993, 4.8516, 4.7867, 4.7255, 4.7205, 4.6781, 4.5543, 4.5146, 4.5027, 4.4999, 4.4633, 4.4428, 4.3198, 4.26, 4.2312, 4.2061]"
