scope,group,metric,auc,ci_lo_95,ci_hi_95,ci_width,bootstrap_std,n_bootstrap
machine_type,fan,normalized_euclidean,0.698507,0.675629,0.721035,0.045406,0.01154,2000
machine_type,fan,normalized_manhattan,0.695306,0.672051,0.717968,0.045918,0.011546,2000
machine_type,fan,normalized_cosine,0.469137,0.439451,0.498564,0.059113,0.014805,2000
machine_type,pump,normalized_euclidean,0.865186,0.843819,0.886121,0.042303,0.01111,2000
machine_type,pump,normalized_manhattan,0.865812,0.844186,0.886488,0.042301,0.01107,2000
machine_type,pump,normalized_cosine,0.502964,0.467178,0.539296,0.072118,0.01818,2000
machine_type,slider,normalized_euclidean,0.884319,0.866394,0.902679,0.036286,0.009334,2000
machine_type,slider,normalized_manhattan,0.883597,0.865605,0.901953,0.036348,0.009398,2000
machine_type,slider,normalized_cosine,0.437676,0.403856,0.471704,0.067848,0.017325,2000
machine_type,valve,normalized_euclidean,0.834061,0.810703,0.858098,0.047395,0.012387,2000
machine_type,valve,normalized_manhattan,0.829101,0.804937,0.853651,0.048714,0.0126,2000
machine_type,valve,normalized_cosine,0.54449,0.509256,0.578443,0.069187,0.017717,2000
machine_id,fan/id_00,normalized_euclidean,0.529346,0.478928,0.58122,0.102293,0.026515,2000
machine_id,fan/id_00,normalized_manhattan,0.522864,0.473322,0.573679,0.100356,0.026384,2000
machine_id,fan/id_00,normalized_cosine,0.486793,0.432236,0.539473,0.107237,0.027573,2000
machine_id,fan/id_02,normalized_euclidean,0.741657,0.696233,0.78746,0.091226,0.02261,2000
machine_id,fan/id_02,normalized_manhattan,0.740619,0.69466,0.786755,0.092095,0.022678,2000
machine_id,fan/id_02,normalized_cosine,0.394167,0.339729,0.453781,0.114052,0.029394,2000
machine_id,fan/id_04,normalized_euclidean,0.695975,0.645634,0.743161,0.097527,0.025041,2000
machine_id,fan/id_04,normalized_manhattan,0.69274,0.64146,0.740392,0.098932,0.02519,2000
machine_id,fan/id_04,normalized_cosine,0.498448,0.438777,0.558876,0.120099,0.030752,2000
machine_id,fan/id_06,normalized_euclidean,0.878819,0.84948,0.905517,0.056037,0.014509,2000
machine_id,fan/id_06,normalized_manhattan,0.87564,0.845486,0.902469,0.056983,0.01468,2000
machine_id,fan/id_06,normalized_cosine,0.488578,0.425567,0.550858,0.125291,0.031043,2000
machine_id,pump/id_00,normalized_euclidean,0.827768,0.779533,0.874303,0.094769,0.0236,2000
machine_id,pump/id_00,normalized_manhattan,0.828607,0.78112,0.87378,0.09266,0.023469,2000
machine_id,pump/id_00,normalized_cosine,0.445481,0.378029,0.514067,0.136038,0.034424,2000
machine_id,pump/id_02,normalized_euclidean,0.797411,0.738235,0.851177,0.112942,0.027925,2000
machine_id,pump/id_02,normalized_manhattan,0.800241,0.742872,0.854158,0.111286,0.027723,2000
machine_id,pump/id_02,normalized_cosine,0.357375,0.292564,0.425397,0.132834,0.034301,2000
machine_id,pump/id_04,normalized_euclidean,0.952862,0.917154,0.982507,0.065354,0.016739,2000
machine_id,pump/id_04,normalized_manhattan,0.953632,0.918842,0.982756,0.063914,0.016543,2000
machine_id,pump/id_04,normalized_cosine,0.766715,0.697092,0.830738,0.133646,0.033865,2000
machine_id,pump/id_06,normalized_euclidean,0.931332,0.895139,0.961281,0.066143,0.016663,2000
machine_id,pump/id_06,normalized_manhattan,0.931204,0.895129,0.961447,0.066319,0.016673,2000
machine_id,pump/id_06,normalized_cosine,0.427659,0.357935,0.496756,0.138821,0.035776,2000
machine_id,slider/id_00,normalized_euclidean,0.992711,0.986483,0.997276,0.010793,0.002733,2000
machine_id,slider/id_00,normalized_manhattan,0.992183,0.985641,0.996969,0.011328,0.002867,2000
machine_id,slider/id_00,normalized_cosine,0.259261,0.198658,0.318083,0.119425,0.029974,2000
machine_id,slider/id_02,normalized_euclidean,0.936701,0.903977,0.965186,0.061209,0.015645,2000
machine_id,slider/id_02,normalized_manhattan,0.934328,0.900896,0.963996,0.0631,0.016149,2000
machine_id,slider/id_02,normalized_cosine,0.580898,0.518944,0.642229,0.123286,0.030897,2000
machine_id,slider/id_04,normalized_euclidean,0.676342,0.60069,0.750425,0.149735,0.037707,2000
machine_id,slider/id_04,normalized_manhattan,0.675847,0.599685,0.74782,0.148135,0.037625,2000
machine_id,slider/id_04,normalized_cosine,0.575282,0.495738,0.653785,0.158048,0.040773,2000
machine_id,slider/id_06,normalized_euclidean,0.79858,0.722878,0.862325,0.139447,0.035737,2000
machine_id,slider/id_06,normalized_manhattan,0.796449,0.721585,0.860543,0.138958,0.03569,2000
machine_id,slider/id_06,normalized_cosine,0.435795,0.344846,0.526455,0.181608,0.046307,2000
machine_id,valve/id_00,normalized_euclidean,0.968889,0.945089,0.987466,0.042377,0.010947,2000
machine_id,valve/id_00,normalized_manhattan,0.969173,0.945802,0.988078,0.042276,0.01104,2000
machine_id,valve/id_00,normalized_cosine,0.073882,0.043717,0.108652,0.064936,0.016254,2000
machine_id,valve/id_02,normalized_euclidean,0.775646,0.710908,0.836162,0.125254,0.031895,2000
machine_id,valve/id_02,normalized_manhattan,0.775725,0.710438,0.837661,0.127223,0.031918,2000
machine_id,valve/id_02,normalized_cosine,0.597431,0.520547,0.67695,0.156403,0.039828,2000
machine_id,valve/id_04,normalized_euclidean,0.914613,0.879039,0.943955,0.064916,0.016732,2000
machine_id,valve/id_04,normalized_manhattan,0.901923,0.863158,0.934393,0.071235,0.018301,2000
machine_id,valve/id_04,normalized_cosine,0.766285,0.707217,0.820667,0.11345,0.028773,2000
machine_id,valve/id_06,normalized_euclidean,0.731487,0.670407,0.79344,0.123033,0.030748,2000
machine_id,valve/id_06,normalized_manhattan,0.725509,0.663672,0.786995,0.123324,0.03104,2000
machine_id,valve/id_06,normalized_cosine,0.526761,0.456073,0.594266,0.138193,0.03515,2000
overall,all,normalized_euclidean,0.789578,0.777277,0.801181,0.023904,0.006156,2000
overall,all,normalized_manhattan,0.787322,0.775193,0.799146,0.023953,0.006176,2000
overall,all,normalized_cosine,0.475814,0.459947,0.492725,0.032778,0.008254,2000
